"	Email",Address,Avatar,Time on App,Time on Website,Length of Membership,Yearly Amount Spent
mstephenson@fernandez.com,"835 Frank TunnelWrightmouth, MI 82180-9605",Violet,12.66,39.58,4.08,587.95
hduke@hotmail.com,"4547 Archer CommonDiazchester, CA 06566-8576",DarkGreen,11.11,37.27,2.66,392.2
pallen@yahoo.com,"24645 Valerie Unions Suite 582Cobbborough, DC 99414-7564",Bisque,11.33,37.11,4.1,487.55
riverarebecca@gmail.com,"1414 David ThroughwayPort Jason, OH 22070-1220",SaddleBrown,13.72,36.72,3.12,581.85
mstephens@davidson-herman.com,"14023 Rodriguez PassagePort Jacobville, PR 37242-1057",MediumAquaMarine,12.8,37.54,4.45,599.41
alvareznancy@lucas.biz,"645 Martha Park Apt. 611Jeffreychester, MN 67218-7250",FloralWhite,12.03,34.48,5.49,637.1
katherine20@yahoo.com,"68388 Reyes Lights Suite 692Josephbury, WV 92213-0247",DarkSlateBlue,11.37,36.68,4.69,521.57
awatkins@yahoo.com,Unit 6538 Box 8980DPO AP 09026-4941,Aqua,12.35,37.37,4.43,549.9
vchurch@walter-martinez.com,"860 Lee KeyWest Debra, SD 97450-0495",Salmon,13.39,37.53,3.27,570.2
bonnie69@lin.biz,"PSC 2734, Box 5255APO AA 98456-7482",Brown,11.81,37.15,3.2,427.2
andrew06@peterson.com,"26104 Alexander GrovesAlexandriaport, WY 28244-9149",Tomato,13.34,37.23,2.48,492.61
ryanwerner@freeman.biz,Unit 2413 Box 0347DPO AA 07580-2652,Tomato,11.58,37.09,3.71,522.34
knelson@gmail.com,"6705 Miller Orchard Suite 186Lake Shanestad, MO 75696-5051",RoyalBlue,10.96,37.42,4.05,408.64
wrightpeter@yahoo.com,"05302 Dunlap FerryNew Stephaniehaven, MP 42268",Bisque,12.96,36.14,3.92,573.42
taylormason@gmail.com,"7773 Powell Springs Suite 190Samanthaland, ND 44358",DarkBlue,13.15,36.62,2.49,470.45
jstark@anderson.com,"49558 Ramirez Road Suite 399Phillipstad, OH 35641-3238",Peru,12.64,36.21,3.36,461.78
wjennings@gmail.com,"6362 Wilson MountainJohnsonfurt, GA 15169",PowderBlue,11.73,34.89,3.14,457.85
rebecca45@hale-bauer.biz,"8982 Burton RowWilsonton, PW 88606",OliveDrab,12.01,38.39,2.42,407.7
alejandro75@hotmail.com,"64475 Andre Club Apt. 795Port Dannytown, PW 63227",Cyan,14.72,38.24,1.52,452.32
samuel46@love-west.net,"544 Alexander Heights Suite 768North Johnview, MT 57912",LightSeaGreen,13.99,37.19,4.06,605.06
megan33@gmail.com,"84426 Julia VistaNorth Teresa, KY 50756",PeachPuff,11.37,37.61,4.6,534.71
agolden@yahoo.com,"PSC 2490, Box 2120APO AE 15445-2876",Black,12.88,37.44,1.56,419.94
vstafford@hotmail.com,"PSC 5723, Box 8159APO AA 74738",Olive,13.38,38.73,2.25,436.52
denise22@hernandez-townsend.com,USNS CardenasFPO AA 85439-9449,Silver,11.66,36.77,3.92,519.34
youngbarbara@yahoo.com,"019 Elliott Tunnel Suite 190Nicholsbury, WV 60804-4440",Wheat,12.89,37.64,5.71,700.92
william25@mcconnell.com,"9495 Mary Fall Apt. 777Glassport, ND 17957-5596",Teal,11.77,37.74,2.72,423.18
ijones@schaefer-carr.net,"657 Judith CrossroadHancockchester, VI 75658-5788",Linen,12.78,36.43,4.65,619.9
heatherhall@yahoo.com,"8522 Regina Port Suite 782Port Kaitlin, TX 50501-7264",MediumSlateBlue,13.01,37.85,3,486.84
tinasmith@martinez.info,"40000 Ann Port Suite 474Youngberg, MS 03651",LemonChiffon,11.98,35.29,3.92,529.54
chasejennifer@hotmail.com,"9507 Robert Prairie Apt. 601East Crystalview, SC 56814",DarkOrchid,11.97,37.28,4.74,554.72
jenniferbarnett@gmail.com,"0772 Michael Isle Suite 617Meyerstown, WA 45449-6768",SeaGreen,12.31,36.16,3.06,497.59
jared39@hotmail.com,"739 David Isle Suite 818Chandlertown, DC 34587",SteelBlue,10.87,35.62,3.47,447.69
briancarlson@page-fleming.com,USCGC GillFPO AA 26496,DarkMagenta,13.39,35.69,4.34,588.71
joshuaodom@gmail.com,"5277 Patel BrookEast Audrey, NJ 19075",DarkGoldenRod,13.1,38.88,2.82,491.07
vickie90@lee-wilson.com,"9135 Rodriguez DamRamirezberg, MS 77223",DarkSeaGreen,11.63,35.37,4.12,507.44
duane56@hotmail.com,"24373 Mcgee Drive Apt. 990New Mariahaven, NH 14470",Gainsboro,11.94,38.77,3.65,521.88
enash@gmail.com,"997 Campbell Flat Suite 970East Amanda, PW 22048",HotPink,11.76,36.77,1.85,347.78
sandraharrison@bailey-gordon.net,"7835 Rogers RoadsEast Amberhaven, MI 70835-2286",LightSeaGreen,11.98,37.04,3.45,490.74
cunninghamwilliam@hotmail.com,"4589 Dan FordsBeasleyburgh, ME 96590-8272",HoneyDew,9.95,37.39,4.65,478.17
teresaallen@hill-leach.info,"1958 Robert Bridge Apt. 250Malloryland, ID 03393-5336",WhiteSmoke,12.49,36.37,4.22,537.85
rhonda96@little.org,"2977 Perez RowLake Jack, TN 45336-9436",GhostWhite,11.73,37.53,4.67,532.75
lisacabrera@yahoo.com,"9801 Thomas Pike Suite 058Brandishire, AK 88122-1314",DarkSlateBlue,10.63,37.5,4.65,501.87
jasonrichardson@elliott.com,"18372 Matthew Fork Suite 705North Matthewmouth, KY 99737",Chocolate,12.51,37.14,4.21,591.2
hoovernicole@dorsey.net,"69403 Hernandez KnollsMarciashire, DE 36417-5667",HoneyDew,11.53,36.89,4.64,547.24
christopher20@gmail.com,USNV FullerFPO AE 32122-5711,Snow,13.41,36.11,2.26,448.23
brianwilson@yahoo.com,"448 Stewart DivideNew Ashleyfort, FM 84050",BurlyWood,12.17,39.13,3.66,549.86
gonzaleskatie@gmail.com,"70129 Darrell SpringThomasmouth, HI 39319-2739",Moccasin,13.15,37.34,3.88,593.92
lsmith@chung.com,"412 Jackson RiverKleinburgh, KS 52039-7404",BlueViolet,12.99,36.46,4.11,563.67
dongarcia@hotmail.com,"546 Benjamin Lights Suite 421Romerofurt, NC 43746-4501",MediumBlue,11.86,36.58,3.2,479.73
kimberly46@garcia-nelson.biz,"4066 Gonzalez Dam Apt. 277West Jessica, TN 36880",GreenYellow,11.4,36.59,3.2,416.36
william82@gmail.com,"11143 Park SquaresSamanthatown, UT 97073",SandyBrown,13.86,37.78,5.98,725.58
brenda82@maldonado-gonzalez.net,"645 Elizabeth PassWilliamview, MS 51544",MediumVioletRed,10.96,37.27,2.95,442.67
josephgould@west.info,"861 Annette Stream Suite 771North Miguel, CA 33824-1610",DarkBlue,10.32,37.45,2.09,384.63
wbrady@yahoo.com,"044 Riggs ExpresswayLake Stevenchester, AL 22283",SandyBrown,9.98,35.93,3.86,451.46
smithtracey@mcgee.com,"PSC 4508, Box 7961APO AA 55271-2375",DarkOliveGreen,12.65,38.47,2.87,522.4
amberchase@fowler.info,"1867 Gregory Isle Suite 022Port Tammy, LA 52305-9696",GreenYellow,11.59,35.25,3.39,483.67
gregoryholmes@hotmail.com,"2891 Martin Plain Suite 197Melaniestad, NE 65650-8529",DarkSalmon,13.76,39.25,3,520.9
jeffreydawson@gmail.com,"9944 Trevor ExpresswayRobinsonstad, OR 34630-1840",DarkSeaGreen,10.57,36.17,3.32,453.17
rjohns@gmail.com,"264 Derek Dam Apt. 680West Danielle, SD 91517-8611",DeepPink,11.83,36.81,3.47,496.65
john85@martin-morgan.com,USNV ReeseFPO AA 73568-0730,Olive,12.06,37.27,3.97,547.37
vcoleman@yahoo.com,"7761 Hughes Curve Apt. 880Rodriguezberg, MN 96206-5317",SkyBlue,12.5,38.05,4.64,616.85
floresarthur@yahoo.com,"12612 Johnson Skyway Suite 764Jessicaville, CT 14968-6590",Magenta,9.61,36.49,5.08,507.21
ryan36@gmail.com,"5379 Rhonda Prairie Apt. 696Brownland, WA 87027",DarkTurquoise,13.73,38,4.8,613.6
chris67@ryan.biz,"716 Bush Greens Apt. 098Trevorton, MA 17817-8000",Silver,11.67,37.41,3.41,483.16
katie25@gmail.com,"6861 Lopez Fork Apt. 114South Jamiechester, DE 63993",SpringGreen,13.28,36.6,3.46,540.26
kyang@diaz.org,"223 Love Trail Suite 831Port Jeffrey, IN 46849",OliveDrab,15.13,37.16,5.38,765.52
tadams@contreras.info,"049 Matthew TerraceLake Matthew, MS 20210",Aqua,12.7,35.36,4,553.6
craigcastro@burgess.com,"65407 Warner Forges Suite 071New Lori, AZ 30132-2395",OrangeRed,11.84,36.38,3.44,469.31
ellen24@anthony.com,"PSC 3408, Box 3353APO AE 05113-1257",LimeGreen,11.31,37.68,2.78,408.62
davisrobert@hicks-smith.com,"95967 Pitts BurgsWest Sarah, MH 27817-5147",SkyBlue,11.19,40.01,3.55,451.58
walkerlaura@peterson-yates.com,"89154 Jones Stream Suite 311East Katie, NC 72742-1516",LightGreen,11.89,36.27,2.6,444.97
marc54@hotmail.com,Unit 6174 Box 1949DPO AP 27478,SandyBrown,12.23,36.16,4.69,595.82
gregoryrussell@yahoo.com,"55436 Devon PlainWest Kendraberg, HI 18826-3623",Teal,10.67,38.01,3.4,418.15
williamsjohnny@ferguson.info,"51920 Kent Junctions Apt. 352Walkerport, NY 11257-6647",LightYellow,12.82,37.03,3.85,534.78
haydenrebecca@gmail.com,"10022 Wilson Orchard Suite 107Harrisstad, MH 99272",MintCream,13.59,38.26,3.26,578.24
langmatthew@hotmail.com,"606 Perez DrivesMaryside, CO 94387-5877",DimGray,12.24,38.73,3.12,478.72
david43@richards.com,"967 Andrew SpursMathistown, CO 28230",Indigo,11.55,36.63,2.84,444.29
paulkemp@yahoo.com,"PSC 9698, Box 5466APO AE 75496-3580",LightSalmon,11.43,35.89,4.47,544.78
fbryant@gmail.com,"284 Jennifer CurveLake Hollyberg, IN 05228",GreenYellow,10.89,38.21,4.44,488.79
kimberlyfrederick@gmail.com,"71299 Jessica ShoalsEast Mark, IA 48085-1070",DeepSkyBlue,11.93,36.91,3.16,475.76
sharon82@saunders.info,"873 Clay Flats Apt. 810Lake Kyle, GU 48782",DarkGreen,12.6,39.6,3.75,489.81
fishermichael@ramos.com,"565 Duarte Keys Suite 293Traceytown, IN 17797",LimeGreen,10.95,35.88,3.16,462.9
ilawson@hotmail.com,"19018 Christopher Neck Apt. 963Mcintoshchester, IA 66908-2456",DarkGoldenRod,13.9,37.06,4.13,596.43
shafferdaniel@murphy-harris.info,USCGC ThomasFPO AP 43708-2468,Turquoise,10.88,37.78,1.91,338.32
stevenanderson@yahoo.com,"5401 Holt Corner Apt. 195Hannahstad, NC 86693-3595",LightGreen,10.34,36.16,4.4,533.51
richard16@boyer-pratt.com,"4568 Jeffrey Lane Apt. 512South Jason, WV 78116-0966",LightSteelBlue,11.63,36.18,5.11,536.77
hyoung@jones.info,"73469 Baker Forest Apt. 550Allenbury, TX 63791",Cornsilk,12.52,37.15,2.67,487.38
erik46@hotmail.com,"20711 Martin Harbors Apt. 582New Justinborough, AK 40834-2664",LemonChiffon,10.61,36.82,3.37,473.73
rojasmichael@wagner-thomas.com,"7602 Scott Plaza Apt. 158Lake Amberland, VI 10516-3276",DarkKhaki,12.83,36.95,4.57,547.13
lance88@briggs.com,"16001 Wilkins Island Suite 852Jonathanfort, AL 88541-7817",FireBrick,12.07,36.11,3.92,505.11
anthony09@hotmail.com,"5118 Madden Views Apt. 738North Barryport, AS 28731-2270",LightSeaGreen,12.53,37.88,2.48,449.07
audreyjohnson@rosales.com,USCGC NicholsonFPO AE 43987-0470,SlateGray,13.52,36.77,4.13,611
beth76@yahoo.com,"4522 Paul Heights Suite 851Adamsland, RI 08981",Crimson,11.66,36.05,4,515.83
larrywest@davis.com,"21918 Gail GlensBarbershire, SD 45790-8387",MidnightBlue,13.66,37.72,1.36,439.07
raylopez@hotmail.com,"3600 Amber Plains Suite 002North Jamesburgh, VA 07917",DarkGoldenRod,11.83,36.63,4.19,514.09
middletonrenee@gmail.com,"71757 David Freeway Apt. 851West Carriefurt, NC 27106-3364",DarkCyan,13.29,38.63,3.87,543.34
grichardson@ryan.info,"79139 Boone CommonStewartstad, DE 63633-1812",SteelBlue,11.94,38.06,4.08,521.14
esmith@gmail.com,USS JohnsonFPO AE 35617-5384,OldLace,13.35,37.83,4.25,614.72
michael53@munoz.com,USNS MitchellFPO AP 92946,MediumBlue,12.02,39.07,3.91,507.39
jacqueline46@mcdonald-smith.biz,"3794 Michael Forest Apt. 750New Stephenberg, MD 61004-0181",Gray,12.08,35.89,3.02,495.3
briannasantana@gmail.com,"88978 Noble CrestNorth Rosemouth, FM 53484-6689",LightPink,13.41,35.99,3.18,518.06
mark52@yahoo.com,"82227 Farmer Throughway Suite 266Leeborough, WV 35324",BlanchedAlmond,11.28,37.39,2.88,390.1
acampbell@sanchez-velasquez.info,"5791 Jessica CoveMckinneyborough, OK 64460-7536",Wheat,11.45,37.58,2.59,420.74
qgarcia@williams.com,"465 Kenneth Common Apt. 192North Tracy, WI 36024-8978",Aqua,12.6,36.26,2.97,492.11
jenniferking@hess.net,"06939 Jones NeckMariaview, VT 87641",BlueViolet,10.99,38.07,3.43,410.07
taylor91@hotmail.com,"3132 Willie HarborKaylafurt, FL 01107",CadetBlue,13.09,35.85,2.93,497.51
afry@ford.biz,"399 Jeremy Skyway Suite 377North Keithville, IL 55074",PaleTurquoise,12.19,36.15,3.78,494.55
amandadean@gmail.com,"66880 Mckinney HillsMatthewchester, MH 88386",DimGray,10.72,37.71,3,378.33
brenda68@hotmail.com,"0377 Reed Via Apt. 169Alexandershire, MO 43498",Moccasin,12.93,38.17,3.85,570.45
bakerdrew@gmail.com,"39637 Griffin Plain Suite 691New Deborahview, MP 73870-3773",Chartreuse,13.45,38.5,3.32,549.01
connorlambert@yahoo.com,"931 Andrews HeightsSouth Shelley, NV 21850",Khaki,12.15,37.33,3.36,459.29
tknapp@yahoo.com,"15810 Karl PlainDavidville, TX 64072",MediumSpringGreen,12.18,37.72,3.72,492.95
garcialisa@yahoo.com,"46079 Gonzalez LoafWilliamside, PA 72265",LemonChiffon,11.01,38.42,3.54,424.76
josephallen@hotmail.com,"3144 Jamie RestMaxwellville, NC 93749-1190",PeachPuff,11.6,37.31,2.79,422.43
hailey18@yahoo.com,"08079 Thompson VillageNorth Lukeborough, AL 16825",Lime,12.73,35.6,5.49,642.1
whess@hotmail.com,"29282 Alexander StreetSouth Andrewmouth, MS 22041",Tomato,11.22,37.69,2.59,413.37
josesims@hunter.com,"8830 Debra Loaf Apt. 341Drakeville, ME 22340",SlateBlue,12.01,36.7,2.75,479.23
dtaylor@webb.com,"18219 Jackson WellFosterton, MP 85302",Orange,11.73,36,5,593.08
briangonzales@gmail.com,"572 Michelle Motorway Apt. 889New Craig, ND 17250",Fuchsia,12.09,38.31,3.87,506.55
jared99@yahoo.com,"PSC 0811, Box 7054APO AA 91691",GoldenRod,13.07,37.54,3.8,571.31
qchristian@martinez-allen.com,"26737 Brooks RoadsVincentstad, VA 93089",GreenYellow,12.85,35.01,3.29,576.31
ngarcia@donaldson.info,"662 Wells Stravenue Apt. 578South Kristaview, DC 49423-2452",ForestGreen,11.56,37.67,4.72,576.8
scastillo@hotmail.com,"0922 Gutierrez LoafWattsbury, OH 96315",Moccasin,11.11,37.39,4.02,514.24
joshua56@garcia.com,"38154 Davis LocksLake Stevenfort, KY 86814-9222",Indigo,12.81,36.55,3.64,495.18
richard81@day.org,"7955 Samantha Walk Suite 230North Luis, IL 44629",SlateBlue,11.76,37.57,3.83,514.34
jessica97@hotmail.com,"32202 Curtis Branch Apt. 411Port Brettmouth, KY 01192-0594",Cyan,12.58,37.09,4.53,541.23
angelaphillips@gmail.com,"102 Karen CourtNew Jameston, SC 57761-6570",MintCream,11.96,36.63,4.11,516.83
donald67@harrison.com,"9759 Tammy Skyway Apt. 171Lake Debra, AS 95011",Lime,10.65,37.15,3.22,468.45
zmalone@yahoo.com,"PSC 6717, Box 7673APO AE 66950-0088",Moccasin,12.75,36.71,3.28,548.28
rlindsey@norris.com,"581 Smith Prairie Suite 995Andersontown, AS 58802",Green,11.54,37.53,2.92,431.62
lewisgabrielle@hotmail.com,"422 Rivers Springs Suite 221North Barbara, WI 51990-7596",LightSkyBlue,11.92,37.25,3.91,552.94
kristina69@gmail.com,"2859 Rodriguez ForksPort Josephtown, OH 13591-3011",BlueViolet,12.42,38.95,4.92,573.31
krista86@norton.net,"0537 Rice VillageWest Kylieberg, NJ 19433-5090",Azure,11.81,37.41,2.47,452.63
chelsea05@hansen.com,"7182 Stephen Fork Suite 150Port Laurachester, CO 99974-1961",LightGray,12.76,36.6,4.13,542.71
jill33@allen.com,"459 Amy BurgLake Travis, OR 53314",DarkCyan,11.85,37.42,1.77,407.8
welchashlee@hotmail.com,"PSC 8159, Box 3254APO AP 71071-4890",GreenYellow,12.7,36.1,2.72,482.35
dawnlewis@watkins.org,"623 Erica FlatLake Josephland, MT 73514",Crimson,12.22,36.59,3.9,529.23
ashleychristopher@gmail.com,"9271 Christopher PrairieDouglasshire, NM 18581",MediumOrchid,11.28,36.49,2.49,433.05
acontreras@hotmail.com,"88995 Edwards Row Suite 456North Jo, DE 02062-7953",Sienna,10.74,37.46,3.86,476.19
alvaradoadam@jones-thompson.com,"35970 Holly KeyPort Frank, VT 78059-9385",Aquamarine,10.96,37.33,3.58,440
thomasgeorge@gonzalez-grant.com,"93306 Donald GreensNew Christopherbury, SC 59447",FloralWhite,11.74,36.6,3.96,448.93
solischristina@gmail.com,"43102 Russo View Suite 717Hollyport, SC 15344",SlateBlue,12.42,35.98,3.25,472.99
jacksonboone@rubio.com,"973 Marc PortsBrownstad, IN 48786-6700",Sienna,10.54,35.73,3.91,463.92
kaitlyn78@chang.com,"978 Bean SquareDeanburgh, OR 95149",LimeGreen,11.92,39.29,1.44,350.06
francisgeorge@thomas.org,"27563 Vincent LakeAllenchester, DC 22159",Teal,11.91,38.27,2.91,460.06
linda90@yoder.org,"979 Alison Motorway Apt. 676North Frank, HI 55870-2651",WhiteSmoke,12.49,36.52,3.35,505.77
david79@lopez-montes.com,"969 William ManorWest Sherry, MA 66282-2258",Purple,12.38,37.23,3.09,463.48
micheleblanchard@lopez-greene.com,"555 Hunt Track Suite 307South Kristi, PA 73709",SlateGray,10.48,37.34,4.51,479.73
pmercado@rodriguez.com,"811 Maria RunSanchezville, MI 04953",LightPink,12.3,36.95,1.83,424.19
james30@carter.biz,"3604 Richard Junctions Suite 448Brownburgh, CO 64856-8238",LimeGreen,10.86,36.58,3.99,465.89
parkerkayla@miles.com,"170 Andrew MewsNorth Susan, NM 85338-2426",DarkSlateBlue,10.72,38.31,2.65,426.78
alicia85@lee.com,"14220 Carla Flat Suite 521Lake Matthew, DE 06183",DimGray,12.39,37.43,6.4,684.16
dominguezjacob@hotmail.com,"8594 Erica Manors Apt. 529Lake Miguel, MH 10652-9266",CornflowerBlue,10.98,37.4,5.39,555.89
ebrown@osborne.com,"4291 Nichols Fork Apt. 562Thomaschester, SC 08938-8769",DarkSlateGray,12.97,36.97,6.08,657.02
nathan86@hotmail.com,"748 Michael PlazaWest Billyside, UT 20799",MidnightBlue,12.05,36.96,3.86,595.8
aaron11@luna.com,"672 Jesus Roads Apt. 443Thompsonland, WY 69228",LightSkyBlue,13.46,37.24,2.94,503.98
fsnow@ellis.com,"0272 Jones WayLake Angela, MP 97003-5793",MediumBlue,12.44,37.33,5.08,586.16
asilva@yahoo.com,USNV JohnsonFPO AP 19026,Wheat,12.21,33.91,6.92,744.22
casey21@johnson.com,"691 Johnson Field Apt. 510Michaelville, VI 78140",SpringGreen,11.59,39.09,3.6,512.83
campbellross@yahoo.com,"6218 Michael Station Apt. 982Salazarburgh, NJ 79955",DarkRed,11.38,38.3,3.78,528.22
blevinseric@stephens.com,"PSC 3676, Box 1549APO AE 26130-7683",Orange,12.36,38.04,3.31,468.91
stevenking@patterson.com,"94730 Martin MountNew Matthew, VI 08142-6708",LightGray,12.4,35.01,0.97,357.59
samuel94@hotmail.com,"5480 Vazquez Crossing Suite 825East Christopherland, PA 42104",DarkViolet,12.54,38.31,3.77,536.42
johnsonpaul@keller-woodard.org,USCGC DodsonFPO AA 87781-3935,LimeGreen,13.28,36.94,3.59,490.21
twilliams@gibbs.net,Unit 6678 Box 6628DPO AP 44369,CadetBlue,11.8,37.66,4.52,550.05
teresapacheco@salinas.biz,"75805 Larry MillsEast Cristian, MH 53820",DarkMagenta,12.72,37.66,3.68,513.45
allison80@carson-hansen.com,"04311 Oconnor Park Apt. 415Kelleystad, ND 63064-8935",ForestGreen,12.04,38.92,2.87,497.81
turnerryan@hotmail.com,"770 Lewis Pike Apt. 869Phelpsport, PA 93969-4887",LightSkyBlue,12.47,35.04,4.06,578.99
walkererica@scott.com,"86536 Barnes TrackSouth Kyle, MT 21570-5606",MediumAquaMarine,13.16,36.41,3.02,506.54
mark94@yahoo.com,"586 Timothy Union Suite 592East Joseph, MO 81374",Salmon,11.05,37.63,4.72,501.75
daniellecuevas@hotmail.com,"9287 Daniel Rest Apt. 608Allentown, SD 73050",LavenderBlush,10.64,37.58,2.93,421.97
gbarnes@gmail.com,"8667 Suzanne Motorway Suite 241Spencechester, KY 74385-4618",Green,13.44,36.88,2.36,439.89
cody68@hotmail.com,"374 Dana JunctionsLangside, WI 36474",SpringGreen,13.28,35.91,4.97,666.13
fischermonica@gmail.com,"9847 Michael Plaza Suite 837Lake Christophershire, NV 87324-8427",Navy,11.75,36.94,0.8,298.76
brenda25@gmail.com,"353 Jones Loaf Apt. 767South Michaelburgh, PR 16281-4840",OliveDrab,10.86,38.84,3.67,465.18
david58@yahoo.com,"6058 Thomas DivideMatthewland, PA 89442-8198",LightSalmon,11.69,37.48,1.72,373.89
clifford76@johnson.com,"8032 Hodge Circle Apt. 255Lake Jessicashire, OR 54914",RosyBrown,11.55,38.58,4.77,532.72
jacquelinehughes@bennett-branch.info,"601 Ashley Loop Suite 162Port Benjaminview, DE 02456",DeepPink,11.72,36.81,4.09,554.9
victoria53@hotmail.com,"16329 Sara Neck Apt. 463Bryanside, TX 62329",Pink,12.18,35.67,4.13,537.77
cunninghamkyle@ellis-parker.org,"449 Williamson Lakes Apt. 118Travisville, AK 06848-0177",LightGreen,12.32,37.82,3.44,501.1
jjones@yahoo.com,"047 Carla LocksCoreymouth, AR 98066",GreenYellow,11.08,37.96,4.72,517.17
michaelferguson@torres-miles.net,"757 Amber Gateway Apt. 787New Stephaniechester, OR 61576-6056",Sienna,13.18,38.86,3.23,557.53
crawforderik@price.org,"5183 Michael RampEast Lukeburgh, FL 93972",DarkKhaki,12.83,37.68,2.97,493.72
jlawson@mccarthy.com,"0127 Morgan Fields Apt. 080Thompsonfurt, ME 01160-7043",LightGray,11.51,37.25,3.18,452.12
marshchristopher@zimmerman-villegas.com,"667 Stephanie Lake Apt. 658Marthashire, NC 11815-2307",DarkRed,11.86,36.09,4.81,577.27
oolson@collins.com,"07867 Horn LakeWest Teresatown, VT 64387-1228",Aqua,12.29,37.06,3.62,485.92
isaiahcampbell@yahoo.com,"55414 Ramirez Union Apt. 614West Crystal, CA 03845-2631",Red,10.93,36.55,3.26,425.75
kcannon@alvarez-cline.info,"55479 Peters Field Apt. 702North Micheleberg, PR 45063",Lavender,13.33,37.96,3.6,537.22
nielsencarmen@harrell.net,"2491 Yates Crest Suite 316Connieville, FL 92080-0819",DeepPink,10.9,36.09,4.79,524.64
efreeman@moore.com,"223 Powell RidgesEast Richardtown, RI 90715-2178",White,12.28,38.23,3.32,478.89
roblessarah@hotmail.com,"022 Taylor Mews Suite 692Hallberg, NJ 53614",MediumSeaGreen,12.04,37.64,4.63,612.39
christopherhaas@gmail.com,"56674 Melanie FlatsSchneiderberg, IN 66532",MediumPurple,11.72,37.15,3.31,476.77
ethomas@yahoo.com,"1279 Douglas MountainsPort Christopherberg, RI 32811-8325",LightGreen,11.2,35.49,4.02,505.12
wevans@gmail.com,"222 Jason ParkDominguezshire, NC 98241",Tan,13.38,36.34,4.37,545.95
patrickorr@yahoo.com,"6009 Heather ParkHowardhaven, SD 51705-2993",LawnGreen,11.39,37.91,2.57,434.02
mary84@edwards.com,"19123 Craig Isle Apt. 719Millsmouth, SC 94194",LightSkyBlue,10.77,37.28,3.52,424.68
longwilliam@gmail.com,"16068 Kelly ParksWrightside, NH 21447",BurlyWood,11.82,37.1,1.5,352.55
lisagutierrez@johnson-herring.net,"89300 Amber Centers Apt. 879Victoriaton, VT 98394",Peru,13.81,37.43,5.04,662.96
david81@hotmail.com,"1576 Lane ShoalRogerton, PR 63867-3426",Thistle,11.66,37.28,4.48,560.56
jacksonking@mccormick.com,"120 Micheal Fort Apt. 762East Patrickbury, WY 65946",DarkMagenta,13.1,35.91,3.36,467.5
jessica04@christian-riley.com,"338 Graham Loaf Suite 236East Toddton, FM 43566-4238",LemonChiffon,13.07,36.68,1.92,504.87
simmonsmartin@hardy.com,"2302 Joshua ParkMillerbury, WA 30239-8144",MediumVioletRed,12.49,36.05,4.33,590.56
michellejohnson@sanders-rodriguez.com,"70562 Gonzalez StravenueElizabethland, WI 40700-9149",Teal,11.34,37.04,3.81,443.97
tylerhernandez@barton.info,"7613 Miguel Knoll Suite 762West Katherine, WV 19406",SlateGray,11.2,38.69,3.09,392.5
connerjoseph@gmail.com,"981 David SquareNew Jacquelinetown, AK 66018-4092",Turquoise,11.33,35.46,4.54,568.72
jeffrey54@mcdonald-williams.com,"297 Francis ValleySouth Lindsey, NY 13669-5367",Gainsboro,13.92,37.95,5.07,712.4
hevans@kelly-nunez.org,Unit 4065 Box 2267DPO AE 69180-7372,Orchid,11.03,38.25,3.11,413.3
lewiskendra@yahoo.com,"988 Matthew PlazaLake Jacobshire, AL 37889",Yellow,11.08,36.78,4.75,562.08
freemantina@cannon.org,"870 Dennis ThroughwayWilsonport, PW 12658",AntiqueWhite,10.54,35.53,3.09,412.01
wagnerbrian@hotmail.com,"50593 Wells Roads Apt. 110South Amy, MI 06969-2026",AliceBlue,11.8,37.78,3.2,468.67
melissa08@nelson.com,"15863 Harrington Glens Suite 012Marystad, LA 50652-8210",Tomato,12.44,38.13,3.85,496.55
karina59@gmail.com,"9580 Clark Trail Suite 687Williamsside, FM 57367",PapayaWhip,12.1,36.06,3.97,548.52
baldwinbryan@estrada-silva.biz,"1470 Kathleen PassSouth Christopherberg, SD 22850",MediumSeaGreen,12.38,38.76,3.84,536.13
audreyguerrero@carey.com,"1995 Susan Locks Suite 760East Cheryl, AR 37103-5176",BlueViolet,13.72,35.77,2.91,558.43
drew29@hotmail.com,"20888 Erin ViaGrahamville, NH 72913-6101",Tomato,12.73,36.54,1.14,357.86
michael00@yahoo.com,"03065 Henry Courts Suite 443Derekstad, VT 88473",DarkSlateGray,13.69,34.89,2.69,529.06
jgray@khan-allen.com,"1416 Rachel CrescentWest Laurieside, IL 81119-7229",Gold,10.01,38.35,3.11,387.36
bushsusan@hotmail.com,"20618 David SquareGayland, HI 78719-9628",Moccasin,11.44,36.22,4.85,528.93
charris@gmail.com,"2781 Matthew Wells Apt. 569Potterview, KS 50763-8282",MediumSeaGreen,12.35,37.12,2.31,420.92
longphillip@yahoo.com,"13044 Woods HeightsAndreamouth, ND 52317-6007",LightGreen,10.75,35.74,4.84,496.93
madisonalexander@gmail.com,"791 Allen Trafficway Suite 776Christopherland, DC 41460",Orange,11.59,37.74,3.68,519.37
mfoster@brown-white.com,"36192 Ho SpringNew Michael, RI 65851-6369",Cyan,11.24,37.68,5.25,591.44
sanchezkara@hotmail.com,"40494 Robert ParkHeatherside, IL 70364",SlateBlue,11.11,38.59,3.89,502.41
floresbradley@hotmail.com,"446 Daniel Rest Suite 644Port Matthewhaven, MN 89465",BlanchedAlmond,12.11,36.29,4.39,604.33
lamryan@curtis-garcia.net,"96393 Joshua RapidsJonesview, VA 58733",LavenderBlush,11.87,37.72,4,555.07
alexandra26@summers-davis.com,Unit 7032 Box 7016DPO AE 44749-2992,Navy,10.26,36.14,0.79,256.67
ocortez@gmail.com,"4800 Ashley Spur Apt. 347Dannyfort, GA 23352",MediumBlue,12.17,37.07,4.4,547.11
melinda39@morton.info,"13693 Cox Falls Apt. 693Padillaview, PW 28998-0386",Moccasin,13.09,37.61,2.65,461.92
lisa94@jackson.com,"40288 Stephens Corner Apt. 221West Stephanie, OK 55617-4332",CadetBlue,13.01,36.65,2.37,458.38
lucastaylor@yahoo.com,"63872 Chavez LodgeDanielton, NJ 85847",MediumTurquoise,10.98,37.95,3.05,436.28
apark@walsh-obrien.net,"28942 Bradford CrescentNew Morganfurt, MD 77162-0478",DarkGreen,13.11,35.57,3.64,532.94
dominguezmaria@gmail.com,"1768 Rosales Ford Apt. 793Lake Markbury, SC 31567",RoyalBlue,12.14,37.26,3.4,512.55
jimmy11@hardin.com,"496 Bush Turnpike Apt. 674Donnabury, OR 32596-0079",DarkGoldenRod,13.91,37.79,4.3,630.42
patriciajackson@jenkins.info,"981 Matthew Valley Apt. 621Lake Tracyburgh, NM 33288-1364",Thistle,11.4,37.33,3.8,463.75
rayvanessa@fischer.com,"2583 Mark SpringsLake Robert, AL 40928",White,13.03,37.08,2.63,493.18
gharrison@davis.com,"04140 Cameron Brooks Apt. 724South Laurenberg, HI 08562",MediumSpringGreen,11.62,35.97,3.63,501.21
alexandermichael@hotmail.com,"2086 Lisa ViewOrtegabury, MI 43544",WhiteSmoke,12.6,37.37,3.47,501.93
christopher66@hotmail.com,"388 Kelly PikeWest Jeffery, DE 44039-7785",BurlyWood,13.19,37.07,1.49,376.34
archeremily@baldwin.com,USCGC HernandezFPO AE 53064,YellowGreen,13.27,36.97,2.27,421.33
hornesteven@gmail.com,"91425 Roy TrailRivaston, NE 34949-2588",White,11.75,38.57,5.02,538.77
william28@gmail.com,"16763 Melissa Creek Suite 367North Keithland, PW 29458",Cyan,11.57,36.91,2.47,398.16
karenosborne@yahoo.com,"81814 Pratt Squares Suite 460North Robert, GU 77741-1307",SlateBlue,12.64,36.1,4.3,571.47
chansen@holt.com,"2380 Fisher Neck Suite 233Brianland, AZ 34453-0625",LightSkyBlue,11.39,39.08,2.44,451.63
hallthomas@lane.com,"22630 Bell Centers Suite 030North Danielport, FM 31756",DarkTurquoise,11.82,36.95,3.66,490.6
taylorkimberly@yahoo.com,"0030 Mathis Square Suite 154South Jadehaven, AR 33997-4450",Gainsboro,12.73,35.97,5,591.78
clester@yahoo.com,"76778 Underwood KnollNew Gregory, ID 57323",LightCyan,11.2,37.69,2.41,409.07
pvega@hotmail.com,"61629 Johnson UnderpassNew Eric, MI 92352-5044",LightCoral,11.35,36.32,5.31,563.45
vmartin@yahoo.com,"30242 Rubio ForestPort Kyleland, VA 18339-5779",Turquoise,14.22,37.52,4.08,647.62
andreperez@hotmail.com,"17463 George PortsEast Julianborough, WY 68291",DarkOliveGreen,11.55,36.95,3.28,448.34
anntaylor@hotmail.com,"PSC 1634, Box 8167APO AA 49814",Teal,11.92,36.84,3.63,518.79
hickmanelizabeth@yahoo.com,"12641 Greer Track Apt. 183North Mitchell, IA 77991-6276",DeepPink,12.28,37.19,3.98,523.63
halljohn@yahoo.com,"311 Savannah Ramp Suite 245Carlsonbury, LA 08453-6035",MediumTurquoise,10.13,34.85,3.29,393.86
cohensean@yahoo.com,"3751 Green LoafNew Julia, VT 20897",DarkCyan,12.03,36.13,2.31,426.15
jmartinez@anderson.org,"14889 Page PrairieDennisville, NV 27982-4210",PeachPuff,13.17,36.2,3.56,503.39
cbrady@gonzalez-miller.com,"193 Ashley Plaza Suite 706Hernandezport, WV 71270-7338",Aqua,12.33,36.67,3.35,482.6
pkline@hotmail.com,"PSC 6338, Box 7637APO AA 22066",MediumTurquoise,13.89,39.22,2.91,524.8
martha91@garrison.net,"360 Albert SpringSouth Tylerbury, VA 92641-9077",HotPink,12.93,36.36,3.79,574.65
maureenlopez@gmail.com,"82537 Alice CentersGregland, OR 71749",SeaShell,11.38,36.64,4.03,574.75
russellbaldwin@ferrell.info,"295 Michael Keys Apt. 706Ericfurt, KS 09476",Orange,14.07,38.99,4.98,660.43
amandastanley@yahoo.com,"38528 Jerry Valleys Suite 027Jonesstad, NY 74787-2691",CadetBlue,10.8,37.37,2.7,375.4
george02@hotmail.com,"3286 Lynch FieldHenrychester, RI 41833-7902",LightCoral,14.43,37.37,3.93,640.19
swilliams@ball-arroyo.com,"450 Samantha ValleysCollinsborough, KS 37205-9891",Orchid,13.04,36.66,3.46,514.01
taylorjared@foster.net,"601 Mitchell Estates Suite 922Port Daniel, WV 83595",Crimson,11.74,36.85,2.18,376.5
keith13@yahoo.com,"81830 Katie SquaresPort Austinland, FL 73522-0761",LightGoldenRodYellow,12.49,38.24,2.71,484.52
schmidtdenise@hotmail.com,"06392 Matthew Viaduct Suite 000Lake Ronald, NY 45787-0181",DarkGoldenRod,12.89,36.53,4.59,614.73
jasmin20@salas.com,"634 Nancy Shoals Suite 241South Barry, AR 52307",HotPink,11.67,37.34,4.26,567.48
christophermorrison@mcguire-carter.biz,"90089 Eric WellNicoleside, MT 95918",Blue,11.78,37.98,3.78,554
deborah51@yahoo.com,"4190 Shelton HarborsNorth Christopher, RI 60962",Violet,12.14,36.85,1.62,399.98
melindahartman@gmail.com,"3761 Jared MountainNicholasport, WY 51181",Pink,12.22,36.82,3.41,479.17
sharper@yahoo.com,"239 Bush Fall Apt. 906Riveraville, KY 88906-3319",SandyBrown,13.4,37.29,3.61,585.93
jessicabrewer@simmons.net,"5052 Mccoy Passage Apt. 328Teresaport, FM 97139",LightBlue,12.96,38.66,3.28,541
beckycarson@jones-brown.biz,"78787 Mitchell LightsMatthewville, AZ 30310-0130",Gold,12.88,36.23,5.01,628.05
jennifer24@hotmail.com,"46954 Melissa CornerNorth Amanda, LA 34844",SteelBlue,13.33,36.77,3.37,582.49
jeremy00@yahoo.com,"45442 Barber Key Apt. 882South Jaclyn, NM 24367-3001",FloralWhite,12.16,36.58,5.45,640.79
wellsjuan@schroeder.com,"0338 Francis JunctionLake Alexstad, NH 14302",Green,11.23,35.67,3.76,446.42
gregorystewart@hotmail.com,"232 John Haven Suite 456Johnsonhaven, VT 90106-0173",PaleGoldenRod,12.46,37.75,4.66,570.63
tammyjones@griffin.com,"0859 Audrey IsleSouth Zachary, AS 09138",Navy,9.85,36.88,3.81,423.31
djohnson@hotmail.com,"5358 Stephen Parkway Suite 894Kimview, MN 17436-4528",Coral,13.33,36.9,5.05,616.66
kenneth27@smith.com,"721 Robert Viaduct Apt. 052Lake Olivia, MO 93807",DarkGreen,13.68,37.74,2.87,530.36
johnathan33@yahoo.com,"836 Amy VillagesHannahside, RI 09207-2616",LightSteelBlue,11.64,37.03,3.24,442.36
carrillojacob@perry-larsen.com,"909 Hicks MountainsGabriellaport, MD 33121",Aquamarine,13.49,37.55,3.09,511.98
greenelizabeth@edwards.com,"54051 Jenkins ViewEast Danielshire, IN 32905-7784",DarkViolet,11.62,38.42,4.56,560.44
denisemorrow@johnson-james.net,"24458 Hudson SquareHallside, PA 68038",MediumSpringGreen,13.01,37.79,3.01,475.26
wandaphillips@leonard.com,"149 Monica Vista Apt. 908Jasonberg, TX 19632-8886",OliveDrab,11.47,35.68,1.81,374.27
zachary94@gmail.com,"99902 Scott RoadJoyton, MT 46760-7400",Purple,11.68,38.72,3.59,463.59
ppowell@gmail.com,"74260 Carly Mews Suite 703Jonesberg, OR 39594",BlueViolet,12.09,36.62,3.05,471.6
bhill@pierce-kane.info,"3324 Branch Squares Suite 221Riddleton, OK 34594",RoyalBlue,14.33,35.72,3.63,626.02
matthewgraves@mills-shaffer.com,"66636 Jason ParkwayKellyside, NV 67033",DarkSeaGreen,12.91,39.07,1.48,432.47
nwagner@yahoo.com,Unit 2079 Box 7792DPO AP 47668,AntiqueWhite,9.82,35.74,2.92,356.62
jamesfaulkner@hoffman-wolfe.org,Unit 0474 Box 0661DPO AP 48938-3469,Blue,12.81,38.55,1.81,467.43
phillipscarrie@gmail.com,"625 Andrew LocksMadisonside, AZ 74068",FloralWhite,13.06,37.26,3.37,503.22
samantha84@cortez.com,"960 Miller UnionEast Virginiastad, MS 74191-2346",Navy,10.53,37.03,2.21,378.47
edward29@knapp.com,"4029 Gerald CapeSouth Laurenborough, SC 19130-5133",DarkOrange,11.14,35.95,5.45,584.22
hannahgilbert@gmail.com,"6961 Mary Stravenue Suite 857Hilltown, TX 52813-7703",Aqua,10.98,34.81,3.2,451.73
lschroeder@gmail.com,"93101 Shannon CommonSouth Destiny, ND 30379-2855",Ivory,11.15,37.24,4.73,557.63
thomaswendy@yahoo.com,"449 Amanda TunnelJoshuahaven, CO 15377",LavenderBlush,11.95,36.19,3.21,432.72
fuenteskathryn@schmidt-johnson.org,"839 Heather CliffSouth Blake, SC 90412",Cyan,11.47,37.06,3.8,506.42
melissa08@rowe.net,"13799 Cortez Inlet Suite 733East Stevenshire, AL 32757",Tan,11.04,38.62,4.12,510.16
bradleysmith@barber.com,"581 Gilmore PortHeatherville, MS 20879",PaleVioletRed,11.17,35.63,5.46,587.57
morganorozco@hotmail.com,"0001 Mack MillNorth Jennifer, NE 42021-5936",LightPink,11.56,35.98,1.48,282.47
johnsonhannah@gmail.com,"634 Robert Hill Apt. 800Coxtown, OK 32430",Thistle,12.23,36.99,3.77,473.95
javier02@landry.net,Unit 7029 Box 3429DPO AE 56975,CadetBlue,13.19,38.07,2.9,489.91
lmalone@gmail.com,USS BeasleyFPO AP 50556-7615,AntiqueWhite,13.39,37.81,3.57,541.97
brandon77@richardson.com,"109 Jessica ManorNorth Patriciashire, PR 84726",GhostWhite,11.85,36.93,1.08,266.09
bhamilton@shaw.biz,"036 Mary Drive Apt. 581Port Brandytown, FL 66143",DarkOrchid,12.27,36.58,3.02,494.69
randyrobinson@hotmail.com,"14548 Hayes Isle Apt. 436Garciaville, IN 65366",DarkGray,13.46,36.34,5.57,689.79
ecruz@yahoo.com,"08111 Barry HighwayBentonberg, GU 13706",Gainsboro,11.79,36.26,2.4,387.53
wrightdanielle@gmail.com,"508 May HighwayPort Jacobview, MN 31932",DarkSalmon,10.99,37.37,3.5,441.9
deandanny@yahoo.com,"9781 Lopez Spurs Apt. 300Fitzgeraldborough, MA 89035-4317",Ivory,12.64,36.52,5.23,604.84
dblair@gmail.com,"190 Kelley BurgWest Juliaport, IA 35826-8163",MediumSlateBlue,8.51,35.46,1.84,302.19
veronicapruitt@hotmail.com,Unit 7502 Box 8345DPO AE 53747,Cyan,11.66,36.55,3.36,479.61
davischristina@hotmail.com,"49352 Avila Terrace Suite 624Amandaland, GA 99736",SeaGreen,11.97,36.55,2.96,506.13
douglasdunlap@boone-rose.com,"093 Larson PortsWest Kathryn, OK 91243",Purple,11.8,36.32,2.08,319.93
david28@wallace-hill.org,"43382 Heather MeadowsNew Lisaburgh, WI 19151-0302",LightBlue,12.68,35.62,3.68,528.31
williammoore@rose.com,"686 Baker Fords Suite 893East John, IL 50171-9547",Brown,13.03,37.87,4.69,610.13
angela25@walker.com,"456 Eric ViewsNorth Amanda, MS 98876-3102",Chocolate,12.45,37.53,4.01,584.11
arice@reynolds.info,"740 Marshall SquaresDavidbury, AL 94251-0846",Thistle,12.24,37.28,2.53,466.42
adam75@gmail.com,"9991 Macdonald SquaresVasquezborough, WY 73586-4597",Purple,10.97,36.61,2.87,404.82
charlesgutierrez@hotmail.com,"363 Kathleen UnderpassAshleyside, PR 98964",MistyRose,13.67,36.9,3.52,564.79
codyandrews@hotmail.com,"63010 Reyes Creek Apt. 569West Catherinetown, MN 67491-6816",Indigo,13.39,37.19,4.07,596.52
wheelernancy@hernandez.com,"66340 Michael Lane Suite 878West Brian, LA 69137-1147",Gold,12.97,38.3,1.2,368.65
drew27@ryan-thompson.com,"4475 Lopez Stravenue Apt. 690Smithchester, NV 84347",PeachPuff,12.97,37.33,3.23,542.41
suzanne63@gmail.com,"229 Eric MountainsNew Caleb, PA 00396",LightSalmon,10.73,36.15,4.09,478.26
mitchellscott@gmail.com,"3976 Tom Streets Suite 438Port Davidtown, AL 55334-2369",DarkOrange,10.95,37.65,4.02,473.36
laurajimenez@gmail.com,"06103 Erik Fields Suite 781Jonesmouth, GA 49931-3078",SlateBlue,12.61,37.23,4.21,559.2
rogersheather@hamilton-jensen.org,"510 Michele PortEast Angela, HI 23618",MintCream,13.04,36.31,2.02,447.19
ievans@hotmail.com,"2064 Poole GrovesNorth Chrisland, SC 78169",NavajoWhite,11,38.44,4.24,505.23
john85@rodriguez.info,"57120 Frank KeysJerryborough, DC 81028-0939",Tomato,13.28,37.39,4.63,557.25
phillipsmark@byrd.net,"6734 Perez Trafficway Suite 395Nunezland, NC 83245",DarkSeaGreen,10.63,38.04,3,422.37
elizabeth61@berg-braun.com,"649 King ExtensionNorth April, NY 54175",Lavender,13.19,35.92,1.82,445.06
dbenson@simpson.net,"732 Heather PlaceNorth Michael, VT 92527",DodgerBlue,11.35,37.09,4.08,442.06
stephaniehill@hotmail.com,"8248 Parker Overpass Apt. 024Lake Pamela, WY 44322-1735",Wheat,12.95,37.11,3.69,533.04
davisbriana@gmail.com,"15298 Erickson Shore Apt. 056South Patrickfort, MD 16503-3145",MediumVioletRed,11.74,37.94,2.19,424.2
kday@gmail.com,"4835 Jessica Walk Suite 205West Jacob, NH 93681",Magenta,11.89,35.86,3.21,498.64
jonathanconner@morales.biz,"920 Anderson ExtensionsGreenfurt, GA 19316-3498",SeaShell,10.76,36.6,1.98,330.59
anneingram@miller-alexander.com,"4301 Park Lake Apt. 158Spencertown, SD 45934",HoneyDew,11.61,39.25,3.35,443.44
jeffery48@mcguire.com,"52326 Townsend CentersLake Williamburgh, NJ 70568-7463",LightCyan,11.98,38.27,3.53,478.6
theresamitchell@martin-chambers.biz,"157 Linda RoadsNew Jimmyshire, MH 51942",Khaki,12.46,37.43,2.97,440
christianwade@butler.info,"3687 Sarah Ranch Suite 919Gainesfort, AK 05665",Crimson,10.08,38.07,2.62,357.78
tina16@santiago.com,"314 Kidd RunJohnfort, KS 46546-2732",White,12.59,37.33,2.8,476.14
vancealicia@hotmail.com,"06307 Scott Spurs Suite 161Jessicaburgh, NH 26093-5908",RoyalBlue,14.29,36.77,2.96,501.12
dbell@hotmail.com,"3485 Anthony Street Apt. 119Mikeberg, FL 32602",DarkViolet,11.92,37.77,4.35,592.69
pamelahampton@martin-cobb.com,"91542 Jessica Springs Suite 255Thomashaven, MT 39239-3790",DarkSeaGreen,11.41,35.78,3.87,486.08
mark81@wagner.com,"410 Gonzalez Corners Apt. 187East Stephenport, VT 22771",Navy,12.82,37.96,4.62,576.03
awerner@manning.com,"407 Blake WaysPort Davidland, WA 78438",Gray,11.67,37.84,2.73,442.72
robertramirez@kaiser.com,"1583 Anderson CovesEast Rebecca, NH 27212",Purple,10.61,37.98,3.54,461.79
justin26@gmail.com,"32303 Baldwin CausewaySouth Robertside, HI 58126",RosyBrown,12.51,35.82,3.13,488.39
douglas95@yahoo.com,"395 Summers Courts Apt. 413Coopermouth, IA 21205-1079",White,11.3,37.83,5.14,593.16
qmorse@yahoo.com,"0360 Pearson Dam Suite 263Lake Shawn, UT 65986-4190",MediumTurquoise,10.89,34.9,3.13,392.81
jason50@bates.net,"74839 Michael Plains Suite 356South Austinshire, ND 40309-1424",Bisque,12.1,36.38,3.18,443.2
qeaton@savage.com,"27032 Michelle ForestMorrowtown, ND 14749",SaddleBrown,12.69,37.33,3.83,535.48
tluna@hotmail.com,"01512 Hendricks RueEast Pamela, PR 46481",YellowGreen,11.39,38.2,4.81,533.4
kara33@gmail.com,"5527 Hogan RoadSouth Jeffreychester, MA 28632",LavenderBlush,10.73,36.88,4.05,532.13
thomas22@yahoo.com,"7346 Jennifer Green Suite 148Wagnertown, MT 65972",IndianRed,11.94,35.9,4.54,558.95
david47@hotmail.com,"37216 Krista DrivesWest Andrew, DE 70036",DarkKhaki,12.72,35.13,3.48,508.77
beasleyjoseph@hotmail.com,"1094 Bentley ForgesLake Antonio, MA 29181-3664",SaddleBrown,10.97,35.97,2.63,403.77
hoffmandaniel@yahoo.com,"922 Hampton Path Suite 198Port Jasonmouth, FL 46623",Orchid,13.42,37.76,4.79,640.58
garnerjustin@king.com,"0833 Brian Canyon Suite 566Anthonymouth, VT 01329-7541",DarkCyan,11.85,37.49,2.76,461.63
francesjohnson@lee.com,"577 Peters TurnpikeLoriport, MA 60572-1669",Aquamarine,11.92,35.72,2.16,382.42
awu@robinson.org,"0281 Dale Wells Suite 656East Joshua, ME 73389",Brown,13.15,37.65,4.2,561.87
xevans@hotmail.com,"13164 Miller CampSouth Deannaberg, ID 85433",DarkMagenta,12.69,36.05,2.14,444.58
lauriewilson@jackson.com,"389 Joshua Stravenue Apt. 983Martinezland, MN 29049",Cornsilk,10.35,39.05,3.43,401.03
cruiz@yahoo.com,"497 Julian Brook Suite 872Hillberg, FM 87927-5760",LightSalmon,9.32,36.91,2.87,384.33
tammy12@gmail.com,"78297 Brown Street Apt. 786East Taylorfurt, AK 97246",Chocolate,12.58,35.44,3.14,527.78
adamperkins@terrell.com,"2595 James Creek Apt. 571Millerberg, HI 82236",PaleVioletRed,11.76,37.92,3.53,482.14
willie26@johnson-howard.com,"97686 Robertson Cape Suite 607Port Veronicaside, NE 47293",Wheat,12.64,38,5.04,594.27
yvaughn@meyer.com,"9863 Dawn Court Suite 429Lake Connie, MI 12238",OldLace,11.83,36.84,3.61,502.09
carolfarley@gmail.com,"51173 Curtis Cliff Apt. 727Ramoston, DE 32714-4579",SlateBlue,10.44,35.94,2.9,407.66
rhonda01@gmail.com,"939 Watson RunStaceyberg, VT 58376-0454",Orchid,12.73,36.23,5.71,708.94
david80@knight.com,"368 Morris Ports Apt. 735New Lisaville, GA 34271-8632",MediumAquaMarine,9.48,37.91,5.05,531.96
aaron04@yahoo.com,"16338 Scott Corner Suite 727West Alexandra, AR 54429",SeaGreen,10.16,37.76,4.78,521.24
kaylahenderson@hotmail.com,Unit 1609 Box 3480DPO AA 95185,MediumSpringGreen,11.61,38.11,2.97,447.37
mholt@hotmail.com,"486 Adams HillsNorth Walter, MS 18124",LightSeaGreen,11.27,36.96,2.67,385.15
tanya20@gmail.com,"69279 Stewart MountainsSouth Pamela, KS 22541-3414",DarkKhaki,11.16,37.09,3.62,430.59
aaron89@gmail.com,"0128 Sampson Loop Suite 943Hoffmanton, MO 02122",SaddleBrown,10.1,38.04,4.24,418.6
hunterlucas@gmail.com,"89301 Kylie CrossroadPetersonberg, MH 23834",Turquoise,12.76,36.91,2.48,478.95
sfarley@jones.com,"0554 Powers CurveNathanchester, FL 06878-6336",AntiqueWhite,12.06,37.69,3.51,483.8
sarahtran@dixon.com,"770 Katie Walk Apt. 585Port David, MN 52850",GoldenRod,11.94,35.78,3.31,538.94
randywhite@armstrong.biz,"0506 Pitts ForksWoodsbury, AL 98082-8186",Teal,12.45,36.67,3.54,486.16
tsmith@yahoo.com,"92028 Thomas Mountains Suite 044New Matthew, MI 02429-0994",Bisque,12.28,38.3,1.13,385.1
martinezleah@carter.com,"8456 Joseph Locks Suite 926Christopherport, TN 57784",PaleGreen,12.78,35.55,3.23,527.78
steven00@combs.com,"64460 Morris FordsGonzalesmouth, MI 40832",RosyBrown,12.96,37.95,3.35,547.19
blakekent@smith-pena.com,"3933 Brooke PointJohnsonburgh, DE 22659-3488",Crimson,9.95,37.35,3.22,410.6
amanda03@yahoo.com,"313 Lisa Loop Apt. 543North Jenniferchester, MN 58819",Brown,13.13,35.43,3.79,583.98
brandonsmith@yahoo.com,"62106 Nathan Mountain Suite 505North Matthewborough, AZ 32092-6122",Gold,11.52,36.19,3.56,474.53
thardy@perry.com,"39209 Cooper Neck Apt. 541Tylermouth, ME 94450",SeaGreen,10.97,34.57,2.93,414.94
michael86@yahoo.com,"87270 Garrett Cliffs Suite 361Brooksberg, MO 26555-2502",LightYellow,13.53,38.95,3.05,550.81
ulee@wells.com,"309 Singleton HollowMatthewhaven, NJ 68776-7477",LemonChiffon,12.04,34.49,2.74,458.78
judithsmith@jimenez.biz,"186 Anthony RouteGordonview, AS 78120-4633",DarkOrange,10.94,36.17,2.78,407.54
nblack@smith-romero.biz,"00615 Tracy IslandsNew Marcfort, MO 87297-7431",LightCyan,12.66,37.03,4.33,581.31
michaelcampbell@yahoo.com,"96480 White Lane Suite 521Pattersonhaven, OR 39409-4561",Gray,11.73,36.88,3.42,546.56
rcarter@crane-thompson.org,"14064 Frazier Hills Apt. 176Amyborough, MP 77858-0018",MediumVioletRed,11.92,37.32,3.34,503.18
dwhite@gmail.com,"02136 White Grove Suite 418Marytown, DE 70033",OrangeRed,11.51,37.13,4.66,549.13
vancemichelle@gmail.com,"6586 Reginald Crest Apt. 061North Josephfort, NM 55275",DeepPink,12.42,36.16,3.22,482.83
kylemelendez@hotmail.com,"2749 Cunningham Flat Apt. 838Derekberg, OH 45288",DeepPink,13.89,38.38,3.77,557.61
richard35@hale-duncan.net,"33940 Craig Throughway Apt. 334Martinview, IL 62015-0314",GhostWhite,12.85,37.87,3.42,484.88
waltonkaren@gmail.com,"355 Villegas Isle Apt. 070West Jenniferview, NM 26775-4339",Green,10.89,35.57,6.12,669.99
contrerastiffany@gmail.com,"439 Todd Summit Apt. 478Mooreland, AR 31655",CadetBlue,12.91,36.05,3.49,547.71
rogerstiffany@wilson-horne.com,"30700 Justin PortsPort David, PA 52171-5921",DarkOliveGreen,11.57,38.92,4.08,537.83
waltercharles@sanders.net,"291 Stephen Glens Apt. 532Jacquelineton, NJ 53606-5656",IndianRed,11.97,37.2,2.83,408.22
john96@chan-anderson.biz,"04290 Barron SquareLaurenmouth, AS 79917-9544",Snow,13.08,37.33,5.41,663.07
bushsharon@barber.com,"0013 Andre FieldWhitebury, AZ 68447-6306",DarkSeaGreen,11.96,36.52,3.45,506.38
nicolegay@jennings.com,"50718 Timothy LightGarciaport, SC 60266-6696",BlueViolet,13.25,37.31,2.94,528.42
rchambers@hotmail.com,"53964 Weaver Brook Suite 861Stevensonshire, NY 18128",OliveDrab,13.09,38.32,4.75,632.12
gomezalicia@hotmail.com,"506 Allison Cove Apt. 766Weeksstad, AS 71308",MediumSpringGreen,12.53,36.69,3.53,488.27
potterkenneth@strickland.com,"2559 Harris Pines Apt. 514Michaelshire, ME 21753-8834",MediumSlateBlue,11.24,37.05,3.9,508.74
charlesjackson@brady-fuller.net,"3802 Veronica CausewayEast Patrickfurt, DC 84522",GhostWhite,12.07,35.57,2.4,411.19
jacquelinewest@pace-herrera.com,"592 Villanueva VillageWoodsstad, AK 20530",Purple,12.05,38.51,2.85,409.09
stevenjohnson@yahoo.com,"PSC 4427, Box 6116APO AP 87584-5187",SandyBrown,11.23,37,3.78,467.8
johnsonchelsea@gmail.com,"19270 Velasquez CovesBoylechester, AZ 51480",LightCyan,11.91,35.19,4.35,512.17
jenniferjenkins@jones.com,USNS JacobsFPO AE 71507-1312,LightSalmon,13.05,38.78,4.57,608.27
ebutler@rogers-gonzalez.com,"001 Estrada UnionLewismouth, TN 47360",Chartreuse,13,36.99,4.62,589.03
ellenlucas@cox.org,"86268 Davis CornerNorth Danielview, CT 59551-9382",DarkGoldenRod,11.52,35.94,3.01,444.05
elizabethnunez@vasquez-nelson.net,"209 Andrew ViaductPort Anna, OR 01627-8037",Cornsilk,10.31,36.73,4.79,493.18
ramirezjacob@turner.com,"19704 Kaitlin FlatWest Andrewtown, VI 38642",Magenta,12.43,37.63,4.33,532.72
brian51@cook.info,"0508 Terrance CliffRebekahtown, NC 48724-8308",SaddleBrown,10.75,38.79,1.43,275.92
victoriajohnson@gmail.com,"2082 Christopher Place Apt. 081Cynthiahaven, HI 99393-8910",DarkViolet,11.02,37.64,4.14,511.04
lawrencewalton@hotmail.com,"584 Patterson FallsWest Alicia, DE 45751",Chocolate,12.22,36.95,2.91,438.42
ashleymoreno@gmail.com,"11430 Meza Green Suite 037Martinezborough, FL 40624-8726",DarkViolet,12.33,37.07,3.98,475.73
wesleyvance@moore.com,"210 Johnson Street Suite 717New Bethanyborough, MO 84817",Magenta,10.81,36.01,3.7,483.54
edwardbrown@yahoo.com,"2971 Angela IslandLake Timothychester, NE 48734-6685",HotPink,12.14,37.14,5.84,663.8
youngellen@hotmail.com,"994 Joel Highway Suite 216New Jessicafort, UT 14179",DodgerBlue,12.94,36.73,4.56,544.41
robin80@yahoo.com,"928 Bailey RoadEast Mary, DE 11678-5634",Turquoise,13.3,36.39,4.49,630.16
dana59@hotmail.com,"31927 Jill MountainSouth Jessica, MN 63418",Blue,10.4,36.68,3.86,461.11
bwilliams@hotmail.com,"1549 Walker Passage Apt. 463West Calvin, AZ 03144",PaleVioletRed,11.89,37.86,3.05,491.91
whitetyler@anderson-avery.com,"4547 Stafford Throughway Apt. 178North Patrick, MD 60768-4837",MidnightBlue,11.59,36.46,4.65,574.42
rwilliams@trujillo.biz,"54560 Thompson Creek Apt. 029New Brianville, FL 84430-8588",BlanchedAlmond,13.27,37.24,4.02,530.77
randall85@williams.com,"5086 Morales Islands Apt. 099New Patricia, IL 78823",Black,12.99,39.67,3.97,581.8
kevin45@mathews.net,"02393 Baker FallsNew Georgeport, ND 36338-5110",DodgerBlue,14.04,37.02,3.74,556.3
deborah48@white.com,"1693 Gary Mission Suite 479Lake Kelly, MO 68205",DarkGreen,11.91,38.42,3.38,502.13
hoganrichard@george.com,"4929 Michelle GroveLake Alexis, MT 92147-1660",BlanchedAlmond,11.14,38.4,4.6,556.19
kelly24@lewis.info,"983 Ross GlenWest Jessica, NJ 42860-5757",Bisque,12.9,36.61,2.22,475.07
katherinegray@yahoo.com,"685 Sexton Ranch Suite 125Lake Robertshire, NE 04469-3024",Cyan,12.39,35.63,4.29,486.95
efoster@williamson-boyd.org,"4968 Bennett ManorsRogerschester, IL 81579-8333",Lavender,11.82,36.31,2.12,434.14
jordandavid@gmail.com,"61502 Parker Vista Apt. 363Jonesshire, GU 33532",Violet,10.99,36.35,0.94,304.14
sanchezamber@scott-patterson.com,"257 Hunt ManorsSouth Charlottefort, CT 15033",Fuchsia,14.13,37.02,3.76,571.22
tinayoung@hotmail.com,"83995 Owens Course Apt. 747South Jennifer, NJ 29942",MistyRose,11.91,36.09,4,583.08
alicia28@fuller.com,"8055 Robinson Brooks Apt. 657Walterview, KY 83019",CadetBlue,11.48,39.24,3.53,445.75
rileyalejandro@gmail.com,Unit 1475 Box 4215DPO AE 39546-5591,LightSteelBlue,10.05,37.18,3.54,392.99
oliviamarshall@sawyer-sellers.com,Unit 5934 Box 9748DPO AA 37361-3043,Brown,12.43,37.31,4.16,565.99
hortonrobert@hotmail.com,"31309 Stacey Keys Apt. 979South Jason, KS 35357",Salmon,11.97,36.83,3.55,499.14
montgomerycheyenne@hotmail.com,"1812 Sandra Shoal Apt. 350Amandamouth, SC 87794-1628",FireBrick,11.12,36.98,4.13,510.54
martinkristi@sanchez-coleman.com,"PSC 1893, Box 7023APO AA 73445",Lime,8.67,35.91,2.25,308.53
jefferycampbell@gmail.com,"381 Ashley Locks Suite 366North Migueltown, TX 09795-0494",GreenYellow,12.5,37.65,4.05,561.52
webertom@phelps.com,"189 Crawford Hill Apt. 746New Madison, WV 14108-4333",DarkOrchid,12.13,35.46,3.07,423.47
aschmidt@johnson.biz,Unit 1743 Box 8085DPO AE 47693-8164,Blue,11.73,35.63,4.33,513.15
lisadelgado@gmail.com,"57993 Jennifer Unions Suite 685Emilyville, OK 53366-2375",Olive,11.95,36.49,3.94,529.19
sharongraves@yahoo.com,"73098 Ronald PortCliffordborough, MO 37479-9244",Wheat,12.56,37.81,0.27,314.44
flevine@gmail.com,"5292 Melanie Crescent Apt. 064Fischerborough, NV 85721-5045",AliceBlue,12.48,37.68,3.28,478.58
rskinner@johnson-jefferson.com,"24725 Neal LockCynthiaville, NY 51578",OliveDrab,12.59,37.68,2.57,444.58
kiarakim@harris.org,"1502 Gonzalez ThroughwayKathrynchester, FM 86014-7194",Linen,10.95,37.65,3.83,475.02
rachelrodriguez@lara-waters.com,"35466 Tommy StreamPort Daniellemouth, KS 68863-6330",LightSlateGray,11.48,36.84,2.4,436.72
dbrown@gmail.com,"76666 Kathy LocksPort Susan, ME 64335",Indigo,11.12,36.81,4.03,521.2
mary45@gmail.com,"33213 Tanner Knolls Apt. 519Whiteborough, OR 37119-7790",Lime,10.97,37.72,3.63,478.18
marcusleach@floyd.org,Unit 3998 Box 4348DPO AA 37629,SteelBlue,11.59,36.32,3.19,432.48
lmunoz@yahoo.com,"2100 Austin Camp Apt. 943Anthonymouth, WV 24243-3781",Olive,10.71,35.77,3.39,438.3
dvasquez@wiley.com,"967 Chloe Springs Suite 554Lake Ashley, GA 03230",HoneyDew,11.08,34.78,2.57,388.94
dylanmartin@hotmail.com,"42644 Helen Keys Apt. 103Jessicahaven, KS 89406-1960",MidnightBlue,12.95,37.03,3.47,534.77
xkaufman@gmail.com,"02342 Melissa IslandsSmithhaven, KS 68335",DarkViolet,10.57,36.86,4.2,537.92
jasonhensley@yahoo.com,"97262 Brian SkywayLake Marissa, GU 96859",Sienna,11.66,37.43,2.09,407.88
gstrong@hotmail.com,"7875 Landry Road Apt. 947Brownshire, NC 10074-7735",Pink,13.59,36.84,3.61,618.85
arnoldsamuel@wilson.com,"949 Tapia ViaductMartinezfurt, CT 79271-8205",LightSkyBlue,11.37,35.26,4.03,502.77
scottrose@yahoo.com,"50639 Sarah Isle Apt. 268Yangmouth, MO 05540",SaddleBrown,11.23,37.21,2.32,397.42
salazarkaren@hotmail.com,"51173 Burton Wall Apt. 417Prestonville, NY 37002",SteelBlue,10.29,36.93,3.49,392.29
susanibarra@yahoo.com,"426 Scott Radial Apt. 065Abigailstad, MS 16590-2222",Thistle,14.12,38.41,5.32,689.24
nhenry@hotmail.com,"3874 Harper PlazaNorth Nancy, ME 96802-9462",BlanchedAlmond,12.42,37.67,3.13,543.13
millerrachel@gallagher-nichols.com,Unit 4742 Box 9517DPO AE 67219-3123,Turquoise,10.77,34.65,4.99,577.74
garciakevin@gmail.com,"845 Colleen WaysLake Matthewview, VT 65340-3159",Orange,12.66,36.37,1.73,436.58
philliproberson@yahoo.com,Unit 0373 Box 8981DPO AA 89902,Beige,12.67,37.49,3.7,553.99
kstafford@estes-nguyen.com,"PSC 4856, Box 1297APO AA 17032-7944",YellowGreen,13.97,36.67,1.79,427.36
kennethperry@bowen.org,"272 Frederick LodgeEast Andrew, FL 07414",SlateGray,11.51,36.6,3.02,424.73
prussell@lopez.com,"9985 Wolf PassBrandimouth, CA 63346",Bisque,11.41,36.38,4.04,541.05
mosleyjacob@yahoo.com,"PSC 1790, Box 8872APO AE 01821-4769",Orange,12.26,38.86,3.14,469.38
rhaas@yahoo.com,"4502 Jennifer Prairie Suite 029Lake Jesse, LA 02328-3633",DimGray,12.71,36.17,2.56,444.55
antonioharris@hotmail.com,"4307 Nicholas Drive Apt. 259Ramirezberg, AS 59832",MediumBlue,13.47,37.07,2.38,492.56
austinthomas@gmail.com,"5855 Gross Burgs Suite 169Ballland, AS 98525",AntiqueWhite,11.19,36.3,4.3,535.32
bethsullivan@reed.net,"80500 Mary Corners Apt. 225Wallsville, ME 80526",Beige,11.25,38.68,2.09,408.96
ncummings@yahoo.com,"344 Jessica StravenueNew Brian, MA 04730-6761",Beige,12.36,36.17,4.09,487.56
hking@hotmail.com,"85181 Christian Courts Suite 758Larryfurt, MS 38722-6766",PeachPuff,11.76,36.88,3.52,487.65
annstone@hotmail.com,"543 Reynolds BurgMelindaberg, KY 46631",LightPink,11.76,38.13,1.82,402.17
christopher44@hotmail.com,"549 Anna AvenuePort Laura, CA 76209-9339",WhiteSmoke,11.55,35.77,4.18,551.02
autumn88@mendoza-mills.com,"214 Obrien Lakes Suite 572South Jeremy, KS 52867-7617",MediumOrchid,12.48,35.54,3.39,497.39
dhudson@ramos.net,"5661 Grant CentersStevensfurt, CT 53959",Olive,11.73,36.07,4.43,494.64
egomez@hotmail.com,"768 Riley Pine Apt. 624Kellymouth, OK 98992-3108",MistyRose,12.21,37.2,2.91,479.25
kimberlyruiz@smith-gordon.com,"503 Adams Pines Apt. 638North Ashleyside, AZ 34687-6128",DarkRed,11.9,36.87,2.78,462.66
mooremichelle@logan.com,"07813 Randy PointLake Thomasberg, MO 06013-9920",Pink,12.22,36.36,3.45,515.5
aaron22@gmail.com,"38678 Sean Drive Suite 293Karentown, IA 78306-2717",DarkGray,12.01,36.53,4.71,576.48
michelleshepherd@price.com,"6820 Erica Vista Apt. 418Brightside, IA 50639",Orchid,11.91,36.06,1.23,357.86
zscott@wright.com,"9909 Hoffman Ranch Suite 195Scotthaven, SC 53575",PeachPuff,12.13,38.19,4.02,597.74
tracy79@wheeler.net,"513 Moore Crescent Apt. 416Amandaberg, GU 03655-2219",Magenta,11.31,37.13,1.71,327.38
brian28@sanchez.org,"7446 Mary FerryLake Sherryfurt, GA 49066-0207",GhostWhite,11.61,37.68,3.16,510.4
leonardhancock@hotmail.com,"64147 Alexander Station Apt. 474East Jasonview, MN 83788",SeaShell,11.69,36.81,3.45,510.5
davidsonkathleen@gmail.com,"70128 Zimmerman OverpassRobertsshire, VA 59860",DarkBlue,11.2,37.84,2.21,403.82
nathan84@lowery.net,"01242 Stephanie Ways Suite 003Churchville, MO 35617",MediumSeaGreen,12.63,35.54,5.41,627.6
kellydeborah@chan.biz,"354 Sanchez Wall Suite 884Juliabury, VI 39735",DarkTurquoise,13.35,37.97,2.77,510.66
lewisjessica@craig-evans.com,"4483 Jones Motorway Suite 872Lake Jamiefurt, UT 75292",Tan,13.57,36.42,3.75,573.85
katrina56@gmail.com,"172 Owen Divide Suite 497West Richard, CA 19320",PaleVioletRed,11.7,37.19,3.58,529.05
dale88@hotmail.com,"0787 Andrews Ranch Apt. 633South Chadburgh, TN 56128",Cornsilk,11.5,38.33,4.96,551.62
cwilson@hotmail.com,"680 Jennifer Lodge Apt. 808Brendachester, TX 05000-5873",Teal,12.39,36.84,2.34,456.47
hannahwilson@davidson.com,"49791 Rachel Heights Apt. 898East Drewborough, OR 55919-9528",DarkMagenta,12.42,35.77,2.74,497.78
